threshold,micro_f1_score,macro_f1_score,precision,recall,exact_match,accuracy
0.32,0.17426501917341286,0.16473382213327892,0.09928034465534465,0.8275,0.0025,0.09797126799821854
0.33,0.16524216524216526,0.15332813567801828,0.09040547646797646,0.6420833333333335,0.0025,0.08704884350299835
0.34,0.0,0.0,0.0,0.0,0.07,nan
