threshold,micro_f1_score,macro_f1_score,precision,recall,exact_match,accuracy
0.5,0.2921108742004264,0.20567588786048818,0.19493216280925776,0.6629422718808193,0.0,0.19015705585479736
