threshold,micro_f1_score,macro_f1_score,precision,recall,exact_match,accuracy
0.5,0.22720403022670027,0.20110198748306196,0.18681846344485747,0.35951053283767037,0.05204460966542751,0.17389456927776337
