threshold,micro_f1_score,macro_f1_score,precision,recall,exact_match,accuracy
0.5,0.5057712486883525,0.47561013949087955,0.5122936507936507,0.8033333333333333,0.3333333333333333,0.5122935771942139
