threshold,micro_f1_score,macro_f1_score,precision,recall,exact_match,accuracy
0.5,0.4119922630560929,0.3790060439631086,0.37792592592592594,0.71,0.18,0.3779260218143463
