threshold,micro_f1_score,macro_f1_score,precision,recall,exact_match,accuracy
0.5,0.25654116145500955,0.24848501312933827,0.1851025548758546,0.3988245172124265,0.02518891687657431,nan
